title	author
Will	Smith
Jim	Carry
Rick	Grimes
Maggie	Greene
Daryl	Dixon
Rosita	Espinosa
Richard	Swift
Marie-Anne	Petrie
Cody	Lightfoot
Laure	Simmons
Cody	Dixon
Taylor	Swift
Rick	Simmons
Cody	Swift
samy	zain
sadsdsmy	zasdsin
Tom	Cruise
Hello World	Tom hanks
Cody	Gakpo
DOOM	Steven Hokkings
Avengers	Hulk
Roar	Katty
Luke	Cage
Dare	Devil
Quick	Silver
Green	Arrow
Thor	Oddin Son
Inception	Scarlet
Omar	Sherif
Iron	Man
Super	Man
Cat	Woman
Loka	Modric
Leo	Messi
GIGI	Buffon
Lord	Ring
KIKI	Lewin
Hassan	Lashen
hjsd	sdsa
fsdf	dfsasdf
qqq	erer
Twilight	Saga
Harry	Potter
Cristiano	Ronaldo
Shehab	Abbas
Arsany	Samuel
